{
  "mappedPoints": [
    {
      "easting": 586466.301,
      "northing": 6308774.17
    },
    {
      "easting": 576959.351,
      "northing": 6307328.081
    },
    {
      "easting": 407815.725,
      "northing": 6280926.227
    },
    {
      "easting": 363340.705,
      "northing": 6293120.388
    }
  ],
  "flipSum": [
    "226.553003 km",
    "216.953003 km",
    "46.045027 km"
  ],
  "distance": "226.553003 km",
  "legsSum": [
    "9.600000 km",
    "180.507976 km",
    "226.553003 km"
  ],
  "legs": [
    "9.600000 km",
    "170.907976 km",
    "46.045027 km"
  ],
  "mappedZones": [
    {
      "lngZone": 55,
      "latZone": "H"
    }
  ]
}
